,objFun,runtime
0,2217.863453064064,1949.3643803596497
