,objFun,runtime,gen
0,474.9586705680046,4324.460225343704,8565
