,objFun,runtime,gen
0,426.1410105998041,6622.982380867004,12859
