,objFun,runtime
0,1515.1168655399129,1946.2215023040771
