,objFun,runtime
0,4244.808969371074,277.1241714954376
