,objFun,runtime,gen
0,863.559983359908,28539.902728796005,50000
