,objFun,runtime
0,422.50111152808194,2316.6719489097595
