,objFun,runtime
0,426.6644779012323,8110.450612783432
