,objFun,runtime,gen
0,426.6644779012323,8110.450612783432,50000
