,objFun,runtime,gen
0,273.584544637671,2021.869460105896,15864
