,Fit,Solution,Fit Vector,Time
7,102707.62012544388,[0.         0.         0.         ... 0.30995041 0.7799905  1.        ],"[[406653.28714546 406653.28714546 406653.28714546 ...             nan
              nan             nan]]",75.71017249999932
