,Fit,Solution,Fit Vector,Time
7,176.7704961190143,"[0.00000000e+00 0.00000000e+00 0.00000000e+00 ... 8.84128441e-01
 1.51519832e-05 8.55052832e-01]","[[106291.64394397 106291.64394397 106291.64394397 ...    176.77049612
     176.77049612    176.77049612]]",1807.4446239999997
