,Fit,Solution,Fit Vector,Time
9,169.2657773651323,[0.         0.         0.         ... 1.         0.99616564 0.09821075],"[[3.06590381e+05 3.06590381e+05 3.06590381e+05 ... 1.69267818e+02
  1.69265777e+02 1.69265777e+02]]",1638.4465567999996
