,Fit,Solution,Fit Vector,Time
9,3329.6841306478414,[0.         0.         0.         ... 0.         0.68439503 0.25729811],"[[306704.46167152 306704.46167152 306704.46167152 ...             nan
              nan             nan]]",44.922890000001644
