,Fit,Solution,Fit Vector,Time
6,175.9247896753275,[0.         0.         0.         ... 0.5104834  0.95658257 1.        ],"[[2.06744395e+05 2.06744395e+05 2.06744395e+05 ... 1.75927403e+02
  1.75927403e+02 1.75924790e+02]]",1639.0283571
