,Fit,Solution,Fit Vector,Time
6,3781.6377210521377,[0.         0.         0.         ... 0.         0.         0.95115809],"[[406302.59744397 406302.59744397 404582.82558022 ...             nan
              nan             nan]]",86.59897419999834
