,objFun,runtime
0,365.9432303967622,2352.801810503006
