,objFun,runtime,gen
0,197.70576755222373,2390.8485853672028,17478
