,objFun,runtime
0,3955.5972394611304,270.39851355552673
