,objFun,runtime,gen
0,848.2279112829126,27511.018400907516,50000
