,Fit,Solution,Fit Vector,Time
2,2411.6763059977875,[0.         0.         0.         ... 1.         1.         0.32767751],"[[506321.78564719 506321.78564719 504466.16065211 ...             nan
              nan             nan]]",82.18806219999897
