,Fit,Solution,Fit Vector,Time
2,176.11445989826277,"[0.00000000e+00 0.00000000e+00 0.00000000e+00 ... 3.39906052e-01
 7.68910705e-01 1.83499007e-04]","[[4.06579965e+05 4.06579965e+05 4.06579965e+05 ... 1.76114460e+02
  1.76114460e+02 1.76114460e+02]]",1614.7839188999997
