,objFun,runtime
0,1697.6037417897335,1970.0362317562103
