,objFun,runtime,gen
0,407.5298671840295,4822.067325115204,9461
