,objFun,runtime
0,4575.325758965778,299.430547952652
