,objFun,runtime,gen
0,664.0375222171089,28283.24510908127,50000
