,objFun,runtime,gen
0,257.8526509405175,2984.7874777317047,4356
