,objFun,runtime,gen
0,352.5101555938406,1101.4999985694885,3352
