,objFun,runtime,gen
0,299.20719389714543,1219.7271857261658,3302
