,objFun,runtime,gen
0,268.5117531980502,1201.3145396709442,3399
