,objFun,runtime,gen
0,342.04426582671107,1900.7862272262573,2664
