,objFun,runtime,gen
0,290.9113546006654,3037.843730211258,4543
