,objFun,runtime,gen
0,281.1622501443179,1218.9934825897217,3542
