,objFun,runtime,gen
0,283.23816138542884,1204.8339500427246,3597
