,objFun,runtime,gen
0,266.8576444592529,2146.3879611492157,4022
