,objFun,runtime,gen
0,268.89233666536404,2158.9925529956818,4791
