,objFun,runtime,gen
0,186.48735189194656,2378.0079958438873,17357
