,objFun,runtime
0,673.8366185418959,2316.9225175380707
