,objFun,runtime
0,3988.0564156821874,331.6691966056824
