,objFun,runtime,gen
0,662.7378206139881,28157.80094075203,50000
