,objFun,runtime
0,636.5791105146674,2299.669840812683
