,objFun,runtime,gen
0,242.02904375821362,1309.854525089264,9928
