,objFun,runtime
0,2324.3280152864863,1975.0244126319885
