,objFun,runtime,gen
0,422.12575994849766,4931.072185277939,9709
