,Fit,Solution,Fit Vector,Time
3,3308.2567739616065,[0.         0.         0.         ... 0.47695755 0.77246898 0.66094393],"[[206592.99343409 206592.99343409 206592.99343409 ...             nan
              nan             nan]]",38.39586969999982
