,Fit,Solution,Fit Vector,Time
3,3084.646449017435,[0.         0.         0.         ... 0.57261006 1.         0.38153177],"[[206560.96381962 206560.96381962 206560.96381962 ...             nan
              nan             nan]]",77.16880590000073
