,Fit,Solution,Fit Vector,Time
5,170.90337457180507,[0.         0.         0.         ... 0.99999431 0.98683651 0.81167782],"[[4.06452394e+05 4.06452394e+05 4.06452394e+05 ... 1.70903375e+02
  1.70903375e+02 1.70903375e+02]]",808.273268500001
