,Fit,Solution,Fit Vector,Time
5,194.05147833645262,[0.         0.         0.         ... 1.         0.02347657 0.97730762],"[[3.06467596e+05 3.06467596e+05 3.06467596e+05 ... 1.94051478e+02
  1.94051478e+02 1.94051478e+02]]",1636.7140939
