,objFun,runtime
0,2782.969452619558,1982.6075530052185
