,objFun,runtime,gen
0,607.9285160588794,4764.2250871658325,9362
