,objFun,runtime,gen
0,189.5458757911209,2349.6589698791504,17224
