,objFun,runtime
0,620.1195945444773,2141.9922959804535
