,objFun,runtime,gen
0,413.8223300655724,28711.798128843307,50000
