,objFun,runtime
0,4705.361497615175,343.5497453212738
