,objFun,runtime,gen
0,444.2810601871383,5325.327495336533,10421
