,objFun,runtime
0,2090.233539915909,1975.0732514858246
