,Fit,Solution,Fit Vector,Time
0,190.8392020740269,[0.         0.         0.         ... 0.19956514 0.01898832 0.01206383],"[[3.06485211e+05 3.06485211e+05 3.06485211e+05 ... 1.90839202e+02
  1.90839202e+02 1.90839202e+02]]",1873.5483574999998
