,Fit,Solution,Fit Vector,Time
0,164.4550795800432,[0.         0.         0.         ... 0.34307695 0.03571318 0.00090316],"[[3.0670087e+05 3.0670087e+05 3.0670087e+05 ... 1.6445508e+02
  1.6445508e+02 1.6445508e+02]]",1634.9454624
