,objFun,runtime
0,4027.0308202913097,294.7070610523224
