,objFun,runtime,gen
0,652.9380700897811,27748.643154144287,50000
