,objFun,runtime,gen
0,1079.3681562410843,1799.7784762382507,4429
