,objFun,runtime,gen
0,976.2934670582166,1502.18736743927,4824
