,objFun,runtime,gen
0,1095.3690678478638,1817.6582944393158,4784
