,objFun,runtime,gen
0,622.6972517663526,1673.9310567378998,3874
