,objFun,runtime,gen
0,795.5811377487453,1366.524909734726,4999
