,objFun,runtime,gen
0,821.9258737525838,1733.7569553852081,3849
