,objFun,runtime,gen
0,827.7262794381292,1674.074401140213,4939
