,objFun,runtime,gen
0,675.774400286793,792.21728515625,4554
