,objFun,runtime,gen
0,1026.549790967534,1111.8444411754608,4999
