,objFun,runtime,gen
0,538.5733597739874,2077.3924112319946,4784
