,Fit,Solution,Fit Vector,Time
8,201.94829264623132,[0.         0.         0.         ... 0.63159258 1.         0.00878568],"[[2.06180041e+05 2.06180041e+05 2.06180041e+05 ... 2.01948293e+02
  2.01948293e+02 2.01948293e+02]]",1634.8104241
