,Fit,Solution,Fit Vector,Time
8,176.1497574158398,[0.         0.         0.         ... 0.96882925 0.         0.43408147],"[[2.06441264e+05 2.06441264e+05 2.06441264e+05 ... 1.76149757e+02
  1.76149757e+02 1.76149757e+02]]",1693.4975034999989
