,objFun,runtime
0,432.19493498528703,4575.415509939194
