,objFun,runtime
0,2075.518203882568,1969.177625656128
