,objFun,runtime,gen
0,198.62469540751763,1141.20662856102,8667
