,objFun,runtime
0,457.6879687242797,2314.281524181366
