,objFun,runtime
0,4344.378029552234,313.2246561050415
