,objFun,runtime,gen
0,611.666776232084,28576.18079853058,50000
