,objFun,runtime,gen
0,188.0499584976148,1737.249850511551,12974
