,objFun,runtime
0,460.9289699668552,2327.909304857254
