,objFun,runtime,gen
0,695.4962727628005,5351.966711997986,10535
