,objFun,runtime
0,2209.7850418787957,1957.8262298107147
