,Fit,Solution,Fit Vector,Time
4,102286.67684648924,[0.         0.         0.         ... 0.95289954 0.95402159 1.        ],"[[406227.69859009 406227.69859009 406227.69859009 ...             nan
              nan             nan]]",61.27268869999898
