,Fit,Solution,Fit Vector,Time
4,165.57220623934333,[0.         0.         0.         ... 0.68599122 0.         0.7224689 ],"[[4.04126084e+05 3.04512246e+05 3.04512246e+05 ... 1.65572206e+02
  1.65572206e+02 1.65572206e+02]]",1787.3365335999988
