,objFun,runtime,gen
0,336.51794951255147,1450.9814720153809,10814
