,objFun,runtime
0,541.4910389304068,2212.8225481510162
