,objFun,runtime,gen
0,720.6108797239248,27869.03630256653,50000
