,objFun,runtime
0,103413.87310905498,380.5878629684448
