,objFun,runtime
0,184.74060835342763,1411.036544084549
