,objFun,runtime
0,381.48017771377795,2294.2237334251404
