,objFun,runtime,gen
0,470.8339421466475,6438.321762561798,12326
