,objFun,runtime
0,2301.303855323575,1968.57914853096
