,objFun,runtime
0,103445.2422730593,809.5165848731995
