,objFun,runtime,gen
0,734.7818554180399,28229.258083343506,50000
