,objFun,runtime,gen
0,236.24174950484397,1886.4053103923798,14024
