,objFun,runtime
0,655.1766450258132,2090.0657997131348
