,objFun,runtime,gen
0,473.70879171098034,5084.212228298187,9917
