,objFun,runtime
0,1993.9493069466353,2157.951445579529
