,Fit,Solution,Fit Vector,Time
1,2384.8240959047753,[0.         0.         0.         ... 1.         0.47556268 0.73674458],"[[206394.58787147 206394.58787147 206394.58787147 ...             nan
              nan             nan]]",144.84266200000002
