,Fit,Solution,Fit Vector,Time
1,176.97547465515888,"[0.00000000e+00 0.00000000e+00 0.00000000e+00 ... 8.94459486e-01
 1.69799904e-06 8.00011099e-01]","[[3.07351266e+05 3.07351266e+05 3.07351266e+05 ... 1.76975475e+02
  1.76975475e+02 1.76975475e+02]]",1765.8853443000007
