,objFun,runtime
0,4912.300026722115,272.1239404678345
