,objFun,runtime,gen
0,688.9602526305359,28017.67438197136,50000
